invoice_id,subscription_id,customer_id,plan_tier,invoice_month,invoice_amount,total_paid,max_days_to_pay,payment_issue_type,amount_outstanding
47974,14290,14290,Starter,2025-12-01,29,29.0,40.0,Late Payment,0.00
48350,14449,14449,Growth,2025-12-01,79,79.0,38.0,Late Payment,0.00
22951,7039,7039,Starter,2025-12-01,29,29.0,45.0,Late Payment,0.00
44501,13246,13246,Growth,2025-12-01,79,79.0,38.0,Late Payment,0.00
8044,2616,2616,Growth,2025-12-01,79,79.0,34.0,Late Payment,0.00
18928,5734,5734,Business,2025-12-01,199,199.0,41.0,Late Payment,0.00
27337,8272,8272,Starter,2025-12-01,29,29.0,37.0,Late Payment,0.00
20089,6159,6159,Growth,2025-12-01,79,79.0,42.0,Late Payment,0.00
27068,8194,8194,Growth,2025-12-01,79,79.0,41.0,Late Payment,0.00
17738,5412,5412,Starter,2025-12-01,29,29.0,37.0,Late Payment,0.00
33163,9937,9937,Starter,2025-12-01,29,29.0,44.0,Late Payment,0.00
44630,13262,13262,Growth,2025-12-01,79,79.0,35.0,Late Payment,0.00
9658,3115,3115,Starter,2025-12-01,29,29.0,34.0,Late Payment,0.00
22310,6843,6843,Starter,2025-12-01,29,29.0,32.0,Late Payment,0.00
50220,15081,15081,Business,2025-12-01,199,199.0,34.0,Late Payment,0.00
35625,10654,10654,Growth,2025-12-01,79,79.0,36.0,Late Payment,0.00
19753,5999,5999,Growth,2025-12-01,79,79.0,35.0,Late Payment,0.00
11658,3684,3684,Growth,2025-12-01,79,79.0,44.0,Late Payment,0.00
23544,7201,7201,Business,2025-12-01,199,199.0,35.0,Late Payment,0.00
14481,4494,4494,Starter,2025-12-01,29,29.0,42.0,Late Payment,0.00
14563,4508,4508,Growth,2025-12-01,79,79.0,41.0,Late Payment,0.00
54430,16304,16304,Starter,2025-12-01,29,29.0,34.0,Late Payment,0.00
5774,1879,1879,Starter,2025-12-01,29,29.0,34.0,Late Payment,0.00
18619,5620,5620,Growth,2025-12-01,79,79.0,41.0,Late Payment,0.00
552,209,209,Growth,2025-12-01,79,79.0,40.0,Late Payment,0.00
44531,13252,13252,Growth,2025-12-01,79,79.0,34.0,Late Payment,0.00
36183,10793,10793,Starter,2025-12-01,29,29.0,31.0,Late Payment,0.00
1852,605,605,Starter,2025-12-01,29,29.0,42.0,Late Payment,0.00
60572,18020,18020,Business,2025-12-01,199,199.0,33.0,Late Payment,0.00
44467,13240,13240,Growth,2025-12-01,79,79.0,45.0,Late Payment,0.00
33905,10141,10141,Business,2025-12-01,199,199.0,34.0,Late Payment,0.00
52349,15685,15685,Business,2025-12-01,199,199.0,44.0,Late Payment,0.00
55992,16706,16706,Starter,2025-12-01,29,29.0,33.0,Late Payment,0.00
41280,12237,12237,Starter,2025-12-01,29,29.0,34.0,Late Payment,0.00
7809,2544,2544,Starter,2025-12-01,29,29.0,33.0,Late Payment,0.00
12466,3900,3900,Growth,2025-12-01,79,79.0,35.0,Late Payment,0.00
27447,8306,8306,Starter,2025-12-01,29,29.0,38.0,Late Payment,0.00
12322,3876,3876,Growth,2025-12-01,79,79.0,39.0,Late Payment,0.00
32493,9676,9676,Starter,2025-12-01,29,29.0,36.0,Late Payment,0.00
5207,1695,1695,Growth,2025-12-01,79,79.0,45.0,Late Payment,0.00
38329,11448,11448,Growth,2025-12-01,79,79.0,42.0,Late Payment,0.00
32720,9777,9777,Business,2025-12-01,199,199.0,37.0,Late Payment,0.00
34616,10376,10376,Starter,2025-12-01,29,29.0,34.0,Late Payment,0.00
46281,13749,13749,Business,2025-12-01,199,199.0,37.0,Late Payment,0.00
54794,16398,16398,Business,2025-12-01,199,199.0,38.0,Late Payment,0.00
61553,18397,18397,Starter,2025-12-01,29,29.0,38.0,Late Payment,0.00
55381,16584,16584,Growth,2025-12-01,79,79.0,31.0,Late Payment,0.00
59318,17599,17599,Growth,2025-12-01,79,79.0,39.0,Late Payment,0.00
57208,17065,17065,Starter,2025-12-01,29,29.0,39.0,Late Payment,0.00
15197,4682,4682,Growth,2025-12-01,79,79.0,33.0,Late Payment,0.00
47190,14039,14039,Starter,2025-12-01,29,29.0,31.0,Late Payment,0.00
40421,12002,12002,Starter,2025-12-01,29,29.0,40.0,Late Payment,0.00
52569,15756,15756,Starter,2025-12-01,29,29.0,41.0,Late Payment,0.00
411,165,165,Starter,2025-12-01,29,29.0,43.0,Late Payment,0.00
15156,4660,4660,Starter,2025-12-01,29,29.0,38.0,Late Payment,0.00
30582,9115,9115,Starter,2025-12-01,29,29.0,37.0,Late Payment,0.00
44030,13127,13127,Business,2025-12-01,199,199.0,34.0,Late Payment,0.00
45725,13546,13546,Business,2025-12-01,199,199.0,44.0,Late Payment,0.00
3039,993,993,Starter,2025-12-01,29,29.0,39.0,Late Payment,0.00
18837,5694,5694,Growth,2025-12-01,79,79.0,42.0,Late Payment,0.00
47160,14034,14034,Starter,2025-12-01,29,29.0,45.0,Late Payment,0.00
2147,702,702,Growth,2025-12-01,79,79.0,37.0,Late Payment,0.00
10126,3235,3235,Starter,2025-12-01,29,29.0,37.0,Late Payment,0.00
33238,9971,9971,Growth,2025-12-01,79,79.0,35.0,Late Payment,0.00
15980,4943,4943,Growth,2025-12-01,79,79.0,37.0,Late Payment,0.00
19173,5816,5816,Starter,2025-12-01,29,29.0,34.0,Late Payment,0.00
45182,13389,13389,Growth,2025-12-01,79,79.0,34.0,Late Payment,0.00
44566,13255,13255,Starter,2025-12-01,29,29.0,37.0,Late Payment,0.00
47605,14178,14178,Growth,2025-12-01,79,79.0,37.0,Late Payment,0.00
17043,5216,5216,Starter,2025-12-01,29,29.0,38.0,Late Payment,0.00
47877,14281,14281,Growth,2025-12-01,89,89.0,32.0,Late Payment,0.00
25181,7653,7653,Starter,2025-12-01,29,29.0,33.0,Late Payment,0.00
31026,9215,9215,Starter,2025-12-01,29,29.0,44.0,Late Payment,0.00
51115,15334,15334,Starter,2025-12-01,29,29.0,40.0,Late Payment,0.00
56661,16882,16882,Business,2025-12-01,199,199.0,41.0,Late Payment,0.00
37158,11071,11071,Starter,2025-12-01,29,29.0,34.0,Late Payment,0.00
3446,1118,1118,Growth,2025-12-01,79,79.0,36.0,Late Payment,0.00
44899,13342,13342,Growth,2025-12-01,79,79.0,38.0,Late Payment,0.00
51434,15408,15408,Business,2025-12-01,199,199.0,35.0,Late Payment,0.00
3900,1243,1243,Starter,2025-12-01,29,29.0,44.0,Late Payment,0.00
35577,10644,10644,Starter,2025-12-01,19,19.0,32.0,Late Payment,0.00
9880,3176,3176,Starter,2025-12-01,29,29.0,39.0,Late Payment,0.00
58154,17287,17287,Business,2025-12-01,199,199.0,34.0,Late Payment,0.00
58233,17331,17331,Starter,2025-12-01,29,29.0,37.0,Late Payment,0.00
12614,3960,3960,Growth,2025-12-01,79,79.0,34.0,Late Payment,0.00
38300,11444,11444,Starter,2025-12-01,29,29.0,35.0,Late Payment,0.00
41540,12312,12312,Business,2025-12-01,199,199.0,41.0,Late Payment,0.00
54563,16330,16330,Growth,2025-12-01,79,79.0,38.0,Late Payment,0.00
59975,17792,17792,Growth,2025-12-01,79,79.0,39.0,Late Payment,0.00
29056,8713,8713,Growth,2025-12-01,79,79.0,38.0,Late Payment,0.00
3318,1078,1078,Starter,2025-12-01,29,29.0,35.0,Late Payment,0.00
44401,13232,13232,Starter,2025-12-01,29,29.0,42.0,Late Payment,0.00
51466,15419,15419,Starter,2025-12-01,29,29.0,40.0,Late Payment,0.00
55053,16471,16471,Starter,2025-12-01,29,29.0,36.0,Late Payment,0.00
25208,7657,7657,Starter,2025-12-01,29,29.0,34.0,Late Payment,0.00
11957,3811,3811,Growth,2025-12-01,79,79.0,43.0,Late Payment,0.00
59009,17552,17552,Starter,2025-12-01,29,29.0,31.0,Late Payment,0.00
1371,449,449,Starter,2025-12-01,29,29.0,42.0,Late Payment,0.00
16568,5095,5095,Starter,2025-12-01,29,29.0,42.0,Late Payment,0.00
44223,13169,13169,Starter,2025-12-01,29,29.0,39.0,Late Payment,0.00
32877,9837,9837,Starter,2025-12-01,29,29.0,43.0,Late Payment,0.00
8685,2841,2841,Business,2025-12-01,199,199.0,37.0,Late Payment,0.00
3295,1076,1076,Growth,2025-12-01,79,79.0,43.0,Late Payment,0.00
20878,6402,6402,Growth,2025-12-01,79,79.0,45.0,Late Payment,0.00
25526,7780,7780,Growth,2025-12-01,79,79.0,42.0,Late Payment,0.00
37131,11055,11055,Starter,2025-12-01,29,29.0,32.0,Late Payment,0.00
46136,13683,13683,Growth,2025-12-01,79,79.0,44.0,Late Payment,0.00
39927,11864,11864,Starter,2025-12-01,29,29.0,42.0,Late Payment,0.00
9599,3095,3095,Starter,2025-12-01,29,29.0,35.0,Late Payment,0.00
56079,16728,16728,Business,2025-12-01,199,199.0,39.0,Late Payment,0.00
29593,8838,8838,Starter,2025-12-01,29,29.0,45.0,Late Payment,0.00
35485,10621,10621,Starter,2025-12-01,29,29.0,40.0,Late Payment,0.00
38372,11456,11456,Business,2025-12-01,199,199.0,31.0,Late Payment,0.00
19628,5965,5965,Starter,2025-12-01,29,29.0,31.0,Late Payment,0.00
53864,16140,16140,Business,2025-12-01,199,199.0,36.0,Late Payment,0.00
44859,13334,13334,Starter,2025-12-01,29,29.0,31.0,Late Payment,0.00
9180,2989,2989,Starter,2025-12-01,29,29.0,38.0,Late Payment,0.00
116167,35655,35655,Starter,2025-12-01,29,29.0,45.0,Late Payment,0.00
182245,48193,48193,Growth,2025-12-01,79,79.0,45.0,Late Payment,0.00
171375,18079,18079,Starter,2025-12-01,29,29.0,35.0,Late Payment,0.00
159703,48504,48504,Starter,2025-12-01,29,29.0,31.0,Late Payment,0.00
93433,28677,28677,Growth,2025-12-01,79,79.0,42.0,Late Payment,0.00
116503,35763,35763,Starter,2025-12-01,19,19.0,34.0,Late Payment,0.00
126258,38648,38648,Growth,2025-12-01,79,79.0,38.0,Late Payment,0.00
183170,18635,18635,Business,2025-12-01,199,199.0,42.0,Late Payment,0.00
182936,3455,3455,Business,2025-12-01,199,199.0,34.0,Late Payment,0.00
181068,44911,44911,Growth,2025-12-01,69,69.0,32.0,Late Payment,0.00
175298,28837,28837,Starter,2025-12-01,29,29.0,35.0,Late Payment,0.00
167560,8310,8310,Starter,2025-12-01,29,29.0,31.0,Late Payment,0.00
125815,38520,38520,Growth,2025-12-01,79,79.0,32.0,Late Payment,0.00
142884,43506,43506,Starter,2025-12-01,29,29.0,34.0,Late Payment,0.00
152351,46360,46360,Business,2025-12-01,199,199.0,41.0,Late Payment,0.00
108863,33386,33386,Starter,2025-12-01,29,29.0,44.0,Late Payment,0.00
113062,34560,34560,Growth,2025-12-01,79,79.0,34.0,Late Payment,0.00
183267,24462,24462,Starter,2025-12-01,29,29.0,45.0,Late Payment,0.00
89152,27356,27356,Growth,2025-12-01,79,79.0,43.0,Late Payment,0.00
92268,28295,28295,Starter,2025-12-01,29,29.0,38.0,Late Payment,0.00
124590,38178,38178,Starter,2025-12-01,29,29.0,34.0,Late Payment,0.00
156930,47650,47650,Growth,2025-12-01,79,79.0,38.0,Late Payment,0.00
100932,30962,30962,Starter,2025-12-01,29,29.0,34.0,Late Payment,0.00
91659,28091,28091,Starter,2025-12-01,29,29.0,41.0,Late Payment,0.00
107315,32984,32984,Growth,2025-12-01,79,79.0,35.0,Late Payment,0.00
183304,26703,26703,Business,2025-12-01,199,199.0,43.0,Late Payment,0.00
128695,39386,39386,Growth,2025-12-01,79,79.0,33.0,Late Payment,0.00
90572,27738,27738,Business,2025-12-01,199,199.0,36.0,Late Payment,0.00
84539,25864,25864,Starter,2025-12-01,29,29.0,33.0,Late Payment,0.00
102376,31411,31411,Growth,2025-12-01,79,79.0,43.0,Late Payment,0.00
113338,34663,34663,Growth,2025-12-01,79,79.0,32.0,Late Payment,0.00
103613,31752,31752,Business,2025-12-01,199,199.0,43.0,Late Payment,0.00
100349,30845,30845,Growth,2025-12-01,79,79.0,32.0,Late Payment,0.00
77794,23619,23619,Business,2025-12-01,199,199.0,42.0,Late Payment,0.00
127153,38931,38931,Starter,2025-12-01,29,29.0,33.0,Late Payment,0.00
68118,20517,20517,Starter,2025-12-01,29,29.0,31.0,Late Payment,0.00
161993,49147,49147,Starter,2025-12-01,29,29.0,33.0,Late Payment,0.00
92532,28377,28377,Business,2025-12-01,199,199.0,36.0,Late Payment,0.00
136716,41748,41748,Growth,2025-12-01,79,79.0,38.0,Late Payment,0.00
179664,40835,40835,Starter,2025-12-01,29,29.0,33.0,Late Payment,0.00
154430,46914,46914,Starter,2025-12-01,29,29.0,40.0,Late Payment,0.00
118611,36335,36335,Business,2025-12-01,199,199.0,34.0,Late Payment,0.00
99957,30714,30714,Business,2025-12-01,199,199.0,35.0,Late Payment,0.00
101809,31258,31258,Business,2025-12-01,199,199.0,40.0,Late Payment,0.00
167367,7818,7818,Growth,2025-12-01,79,79.0,32.0,Late Payment,0.00
82736,25258,25258,Growth,2025-12-01,79,79.0,31.0,Late Payment,0.00
147382,44880,44880,Business,2025-12-01,199,199.0,36.0,Late Payment,0.00
74919,22665,22665,Growth,2025-12-01,79,79.0,33.0,Late Payment,0.00
143136,43565,43565,Starter,2025-12-01,29,29.0,41.0,Late Payment,0.00
127791,39097,39097,Growth,2025-12-01,79,79.0,42.0,Late Payment,0.00
99200,30427,30427,Starter,2025-12-01,29,29.0,34.0,Late Payment,0.00
171170,17529,17529,Growth,2025-12-01,69,69.0,37.0,Late Payment,0.00
133475,40773,40773,Growth,2025-12-01,79,79.0,36.0,Late Payment,0.00
150305,45722,45722,Starter,2025-12-01,29,29.0,39.0,Late Payment,0.00
77271,23415,23415,Growth,2025-12-01,79,79.0,34.0,Late Payment,0.00
140056,42779,42779,Growth,2025-12-01,79,79.0,43.0,Late Payment,0.00
129227,39548,39548,Business,2025-12-01,199,199.0,34.0,Late Payment,0.00
167589,8434,8434,Starter,2025-12-01,29,29.0,41.0,Late Payment,0.00
128497,39325,39325,Starter,2025-12-01,29,29.0,34.0,Late Payment,0.00
135151,41247,41247,Business,2025-12-01,199,199.0,41.0,Late Payment,0.00
89711,27540,27540,Starter,2025-12-01,29,29.0,38.0,Late Payment,0.00
120782,36898,36898,Starter,2025-12-01,29,29.0,40.0,Late Payment,0.00
136746,41758,41758,Starter,2025-12-01,19,19.0,41.0,Late Payment,0.00
94102,28906,28906,Starter,2025-12-01,29,29.0,32.0,Late Payment,0.00
123003,37629,37629,Growth,2025-12-01,79,79.0,41.0,Late Payment,0.00
70417,21115,21115,Starter,2025-12-01,29,29.0,38.0,Late Payment,0.00
62407,18672,18672,Business,2025-12-01,199,199.0,31.0,Late Payment,0.00
76330,23140,23140,Growth,2025-12-01,79,79.0,44.0,Late Payment,0.00
81688,24968,24968,Starter,2025-12-01,29,29.0,42.0,Late Payment,0.00
102585,31483,31483,Business,2025-12-01,199,199.0,39.0,Late Payment,0.00
120897,36943,36943,Business,2025-12-01,199,199.0,32.0,Late Payment,0.00
166157,4009,4009,Business,2025-12-01,199,199.0,33.0,Late Payment,0.00
183480,38036,38036,Starter,2025-12-01,29,29.0,41.0,Late Payment,0.00
171069,17225,17225,Growth,2025-12-01,79,79.0,31.0,Late Payment,0.00
128112,39191,39191,Starter,2025-12-01,29,29.0,36.0,Late Payment,0.00
170671,16133,16133,Growth,2025-12-01,79,79.0,45.0,Late Payment,0.00
165601,2731,2731,Growth,2025-12-01,79,79.0,31.0,Late Payment,0.00
78491,23871,23871,Starter,2025-12-01,29,29.0,37.0,Late Payment,0.00
165227,2037,2037,Growth,2025-12-01,79,79.0,43.0,Late Payment,0.00
66816,20115,20115,Starter,2025-12-01,29,29.0,32.0,Late Payment,0.00
110571,33876,33876,Starter,2025-12-01,29,29.0,44.0,Late Payment,0.00
96458,29588,29588,Business,2025-12-01,199,199.0,38.0,Late Payment,0.00
176741,33242,33242,Business,2025-12-01,199,199.0,33.0,Late Payment,0.00
183190,19828,19828,Starter,2025-12-01,29,29.0,39.0,Late Payment,0.00
180302,42637,42637,Growth,2025-12-01,79,79.0,36.0,Late Payment,0.00
120948,36950,36950,Starter,2025-12-01,29,29.0,31.0,Late Payment,0.00
183063,11459,11459,Business,2025-12-01,199,199.0,39.0,Late Payment,0.00
121691,37243,37243,Starter,2025-12-01,29,29.0,40.0,Late Payment,0.00
117564,36082,36082,Growth,2025-12-01,79,79.0,45.0,Late Payment,0.00
183654,49855,49855,Starter,2025-12-01,29,29.0,44.0,Late Payment,0.00
150789,45869,45869,Starter,2025-12-01,29,29.0,38.0,Late Payment,0.00
139194,42488,42488,Growth,2025-12-01,79,79.0,33.0,Late Payment,0.00
64155,19322,19322,Growth,2025-12-01,79,79.0,33.0,Late Payment,0.00
183119,15859,15859,Starter,2025-12-01,29,29.0,34.0,Late Payment,0.00
67270,20239,20239,Starter,2025-12-01,29,29.0,40.0,Late Payment,0.00
157900,47867,47867,Starter,2025-12-01,29,29.0,37.0,Late Payment,0.00
74141,22436,22436,Growth,2025-12-01,79,79.0,31.0,Late Payment,0.00
153201,46579,46579,Starter,2025-12-01,29,29.0,40.0,Late Payment,0.00
128985,39471,39471,Growth,2025-12-01,79,79.0,38.0,Late Payment,0.00
68433,20590,20590,Starter,2025-12-01,29,29.0,31.0,Late Payment,0.00
73452,22216,22216,Starter,2025-12-01,29,29.0,38.0,Late Payment,0.00
109339,33495,33495,Business,2025-12-01,199,199.0,43.0,Late Payment,0.00
175397,28975,28975,Starter,2025-12-01,29,29.0,35.0,Late Payment,0.00
159652,48487,48487,Business,2025-12-01,199,199.0,43.0,Late Payment,0.00
172644,21769,21769,Growth,2025-12-01,79,79.0,36.0,Late Payment,0.00
100897,30946,30946,Growth,2025-12-01,79,79.0,44.0,Late Payment,0.00
107149,32925,32925,Growth,2025-12-01,79,79.0,36.0,Late Payment,0.00
68493,20599,20599,Starter,2025-12-01,29,29.0,31.0,Late Payment,0.00
76668,23248,23248,Business,2025-12-01,199,199.0,38.0,Late Payment,0.00
140358,42835,42835,Business,2025-12-01,199,199.0,31.0,Late Payment,0.00
109580,33581,33581,Starter,2025-12-01,29,29.0,39.0,Late Payment,0.00
123705,37890,37890,Starter,2025-12-01,29,29.0,45.0,Late Payment,0.00
112492,34405,34405,Starter,2025-12-01,29,29.0,41.0,Late Payment,0.00
68637,20647,20647,Business,2025-12-01,199,199.0,35.0,Late Payment,0.00
172565,21549,21549,Starter,2025-12-01,29,29.0,35.0,Late Payment,0.00
66988,20163,20163,Growth,2025-12-01,79,79.0,36.0,Late Payment,0.00
109185,33456,33456,Starter,2025-12-01,29,29.0,44.0,Late Payment,0.00
162181,49228,49228,Starter,2025-12-01,29,29.0,37.0,Late Payment,0.00
120510,36823,36823,Growth,2025-12-01,79,79.0,39.0,Late Payment,0.00
65125,19650,19650,Starter,2025-12-01,29,29.0,37.0,Late Payment,0.00
140416,42852,42852,Growth,2025-12-01,79,79.0,41.0,Late Payment,0.00
146732,44669,44669,Growth,2025-12-01,79,79.0,38.0,Late Payment,0.00
99483,30551,30551,Starter,2025-12-01,29,29.0,37.0,Late Payment,0.00
74640,22572,22572,Starter,2025-12-01,29,29.0,34.0,Late Payment,0.00
79561,24225,24225,Starter,2025-12-01,29,29.0,43.0,Late Payment,0.00
106643,32782,32782,Growth,2025-12-01,79,79.0,35.0,Late Payment,0.00
167417,7946,7946,Starter,2025-12-01,29,29.0,45.0,Late Payment,0.00
153722,46728,46728,Starter,2025-12-01,29,29.0,40.0,Late Payment,0.00
149755,45566,45566,Business,2025-12-01,199,199.0,32.0,Late Payment,0.00
80641,24592,24592,Growth,2025-12-01,79,79.0,32.0,Late Payment,0.00
92234,28288,28288,Business,2025-12-01,199,199.0,34.0,Late Payment,0.00
82716,25257,25257,Growth,2025-12-01,79,79.0,36.0,Late Payment,0.00
109630,33587,33587,Starter,2025-12-01,29,29.0,32.0,Late Payment,0.00
63594,19111,19111,Starter,2025-12-01,29,29.0,35.0,Late Payment,0.00
158045,47933,47933,Starter,2025-12-01,29,29.0,35.0,Late Payment,0.00
180513,43512,43512,Growth,2025-12-01,79,79.0,32.0,Late Payment,0.00
144425,44010,44010,Growth,2025-12-01,79,79.0,32.0,Late Payment,0.00
151146,45948,45948,Growth,2025-12-01,79,79.0,37.0,Late Payment,0.00
116853,35882,35882,Business,2025-12-01,199,199.0,39.0,Late Payment,0.00
181098,44934,44934,Business,2025-12-01,199,199.0,44.0,Late Payment,0.00
82889,25312,25312,Starter,2025-12-01,29,29.0,38.0,Late Payment,0.00
168463,10248,10248,Growth,2025-12-01,79,79.0,44.0,Late Payment,0.00
131969,40427,40427,Business,2025-12-01,199,199.0,36.0,Late Payment,0.00
117886,36145,36145,Starter,2025-12-01,29,29.0,34.0,Late Payment,0.00
161274,48981,48981,Starter,2025-12-01,29,29.0,38.0,Late Payment,0.00
135689,41386,41386,Starter,2025-12-01,29,29.0,33.0,Late Payment,0.00
177981,37013,37013,Starter,2025-12-01,29,29.0,42.0,Late Payment,0.00
84475,25851,25851,Starter,2025-12-01,29,29.0,45.0,Late Payment,0.00
102101,31341,31341,Growth,2025-12-01,79,79.0,37.0,Late Payment,0.00
152043,46250,46250,Growth,2025-12-01,79,79.0,34.0,Late Payment,0.00
160880,48886,48886,Starter,2025-12-01,29,29.0,35.0,Late Payment,0.00
141665,43204,43204,Starter,2025-12-01,29,29.0,41.0,Late Payment,0.00
183513,40463,40463,Business,2025-12-01,199,199.0,31.0,Late Payment,0.00
170857,16744,16744,Starter,2025-12-01,29,29.0,35.0,Late Payment,0.00
183198,20411,20411,Business,2025-12-01,199,199.0,35.0,Late Payment,0.00
109798,33658,33658,Starter,2025-12-01,29,29.0,45.0,Late Payment,0.00
131445,40239,40239,Growth,2025-12-01,79,79.0,32.0,Late Payment,0.00
173336,23794,23794,Growth,2025-12-01,79,79.0,40.0,Late Payment,0.00
156352,47515,47515,Starter,2025-12-01,29,29.0,33.0,Late Payment,0.00
153433,46648,46648,Growth,2025-12-01,79,79.0,40.0,Late Payment,0.00
160197,48665,48665,Growth,2025-12-01,79,79.0,37.0,Late Payment,0.00
100213,30820,30820,Growth,2025-12-01,79,79.0,37.0,Late Payment,0.00
70073,21008,21008,Starter,2025-12-01,29,29.0,41.0,Late Payment,0.00
164062,49894,49894,Growth,2025-12-01,79,79.0,37.0,Late Payment,0.00
118049,36182,36182,Starter,2025-12-01,29,29.0,31.0,Late Payment,0.00
173459,23977,23977,Growth,2025-12-01,79,79.0,38.0,Late Payment,0.00
80925,24714,24714,Starter,2025-12-01,29,29.0,35.0,Late Payment,0.00
68850,20684,20684,Starter,2025-12-01,29,29.0,32.0,Late Payment,0.00
142650,43445,43445,Starter,2025-12-01,29,29.0,33.0,Late Payment,0.00
162898,49482,49482,Starter,2025-12-01,29,108.0,43.0,Late Payment,-79.00
145476,44311,44311,Starter,2025-12-01,29,29.0,34.0,Late Payment,0.00
183123,16247,16247,Business,2025-12-01,199,199.0,36.0,Late Payment,0.00
87260,26699,26699,Starter,2025-12-01,29,29.0,43.0,Late Payment,0.00
183291,26026,26026,Starter,2025-12-01,29,29.0,35.0,Late Payment,0.00
68404,20585,20585,Business,2025-12-01,199,199.0,44.0,Late Payment,0.00
128453,39311,39311,Starter,2025-12-01,29,29.0,45.0,Late Payment,0.00
106398,32693,32693,Growth,2025-12-01,79,79.0,41.0,Late Payment,0.00
163698,49729,49729,Starter,2025-12-01,29,29.0,31.0,Late Payment,0.00
85382,26132,26132,Business,2025-12-01,199,199.0,38.0,Late Payment,0.00
122917,37608,37608,Starter,2025-12-01,29,29.0,44.0,Late Payment,0.00
136304,41595,41595,Starter,2025-12-01,29,29.0,36.0,Late Payment,0.00
108139,33234,33234,Business,2025-12-01,199,199.0,41.0,Late Payment,0.00
178979,39332,39332,Starter,2025-12-01,29,29.0,32.0,Late Payment,0.00
134050,40962,40962,Starter,2025-12-01,29,29.0,39.0,Late Payment,0.00
147699,44983,44983,Starter,2025-12-01,29,29.0,42.0,Late Payment,0.00
170428,15542,15542,Growth,2025-12-01,79,79.0,36.0,Late Payment,0.00
75726,22975,22975,Growth,2025-12-01,79,79.0,38.0,Late Payment,0.00
141877,43252,43252,Starter,2025-12-01,29,29.0,43.0,Late Payment,0.00
172431,21112,21112,Growth,2025-12-01,79,79.0,42.0,Late Payment,0.00
88427,27062,27062,Starter,2025-12-01,29,29.0,43.0,Late Payment,0.00
175568,29587,29587,Growth,2025-12-01,79,79.0,40.0,Late Payment,0.00
130345,39874,39874,Starter,2025-12-01,29,29.0,44.0,Late Payment,0.00
103349,31674,31674,Starter,2025-12-01,29,29.0,43.0,Late Payment,0.00
154083,46797,46797,Business,2025-12-01,199,199.0,37.0,Late Payment,0.00
68655,20648,20648,Growth,2025-12-01,79,79.0,44.0,Late Payment,0.00
147016,44773,44773,Growth,2025-12-01,79,79.0,36.0,Late Payment,0.00
81855,25020,25020,Starter,2025-12-01,29,29.0,37.0,Late Payment,0.00
111156,33988,33988,Growth,2025-12-01,79,79.0,32.0,Late Payment,0.00
163825,49784,49784,Business,2025-12-01,199,199.0,40.0,Late Payment,0.00
85179,26065,26065,Growth,2025-12-01,79,79.0,41.0,Late Payment,0.00
92764,28484,28484,Starter,2025-12-01,29,29.0,34.0,Late Payment,0.00
153864,46754,46754,Growth,2025-12-01,79,79.0,40.0,Late Payment,0.00
109708,33599,33599,Starter,2025-12-01,29,29.0,38.0,Late Payment,0.00
92751,28468,28468,Starter,2025-12-01,29,29.0,35.0,Late Payment,0.00
163619,49712,49712,Business,2025-12-01,199,199.0,40.0,Late Payment,0.00
183463,37240,37240,Starter,2025-12-01,29,29.0,32.0,Late Payment,0.00
182972,5895,5895,Growth,2025-12-01,79,79.0,42.0,Late Payment,0.00
75523,22886,22886,Growth,2025-12-01,79,79.0,40.0,Late Payment,0.00
62287,18653,18653,Growth,2025-12-01,79,79.0,42.0,Late Payment,0.00
172724,22191,22191,Growth,2025-12-01,79,79.0,36.0,Late Payment,0.00
144014,43876,43876,Starter,2025-12-01,29,29.0,43.0,Late Payment,0.00
183138,16981,16981,Starter,2025-12-01,29,29.0,38.0,Late Payment,0.00
165775,3354,3354,Growth,2025-12-01,79,79.0,35.0,Late Payment,0.00
105481,32339,32339,Starter,2025-12-01,29,29.0,37.0,Late Payment,0.00
88239,26997,26997,Starter,2025-12-01,29,29.0,32.0,Late Payment,0.00
136223,41578,41578,Starter,2025-12-01,29,29.0,33.0,Late Payment,0.00
79441,24198,24198,Starter,2025-12-01,29,29.0,39.0,Late Payment,0.00
139138,42445,42445,Business,2025-12-01,199,199.0,40.0,Late Payment,0.00
87213,26691,26691,Starter,2025-12-01,29,29.0,43.0,Late Payment,0.00
133760,40876,40876,Business,2025-12-01,199,199.0,38.0,Late Payment,0.00
119268,36536,36536,Starter,2025-12-01,29,29.0,43.0,Late Payment,0.00
74662,22574,22574,Business,2025-12-01,199,199.0,39.0,Late Payment,0.00
161530,49039,49039,Growth,2025-12-01,79,79.0,34.0,Late Payment,0.00
181998,47529,47529,Starter,2025-12-01,29,29.0,39.0,Late Payment,0.00
177128,34821,34821,Business,2025-12-01,199,199.0,35.0,Late Payment,0.00
71659,21530,21530,Growth,2025-12-01,79,79.0,33.0,Late Payment,0.00
173076,23265,23265,Starter,2025-12-01,29,29.0,43.0,Late Payment,0.00
174642,27443,27443,Starter,2025-12-01,29,29.0,37.0,Late Payment,0.00
99410,30525,30525,Starter,2025-12-01,29,29.0,36.0,Late Payment,0.00
122868,37587,37587,Growth,2025-12-01,79,79.0,41.0,Late Payment,0.00
147759,44985,44985,Starter,2025-12-01,29,29.0,37.0,Late Payment,0.00
111450,34080,34080,Starter,2025-12-01,29,29.0,32.0,Late Payment,0.00
152881,46504,46504,Growth,2025-12-01,79,79.0,35.0,Late Payment,0.00
169552,13412,13412,Starter,2025-12-01,29,29.0,35.0,Late Payment,0.00
172040,19987,19987,Growth,2025-12-01,79,79.0,44.0,Late Payment,0.00
76412,23160,23160,Growth,2025-12-01,79,79.0,38.0,Late Payment,0.00
125197,38360,38360,Starter,2025-12-01,29,29.0,40.0,Late Payment,0.00
183211,21201,21201,Starter,2025-12-01,29,29.0,38.0,Late Payment,0.00
134066,40966,40966,Growth,2025-12-01,79,79.0,43.0,Late Payment,0.00
149612,45541,45541,Business,2025-12-01,199,199.0,31.0,Late Payment,0.00
129119,39513,39513,Growth,2025-12-01,79,79.0,44.0,Late Payment,0.00
169360,13003,13003,Growth,2025-12-01,79,0,NULL,Unpaid,79.00
125646,38495,38495,Growth,2025-12-01,79,0,NULL,Unpaid,79.00
38586,11510,11510,Growth,2025-12-01,79,0,NULL,Unpaid,79.00
177711,36233,36233,Starter,2025-12-01,29,0,NULL,Unpaid,29.00
101165,31088,31088,Growth,2025-12-01,79,0,NULL,Unpaid,79.00
182955,4831,4831,Starter,2025-12-01,29,0,NULL,Unpaid,29.00
120471,36816,36816,Growth,2025-12-01,79,0,NULL,Unpaid,79.00
82637,25240,25240,Starter,2025-12-01,29,0,NULL,Unpaid,29.00
63428,19058,19058,Growth,2025-12-01,79,0,NULL,Unpaid,79.00
160426,48744,48744,Growth,2025-12-01,79,0,NULL,Unpaid,79.00
35842,10710,10710,Growth,2025-12-01,79,0,NULL,Unpaid,79.00
126297,38656,38656,Growth,2025-12-01,79,0,NULL,Unpaid,79.00
18399,5550,5550,Starter,2025-12-01,29,0,NULL,Unpaid,29.00
178597,38330,38330,Starter,2025-12-01,29,0,NULL,Unpaid,29.00
72953,22014,22014,Starter,2025-12-01,29,0,NULL,Unpaid,29.00
69559,20875,20875,Starter,2025-12-01,29,0,NULL,Unpaid,29.00
42822,12720,12720,Starter,2025-12-01,29,0,NULL,Unpaid,29.00
86467,26479,26479,Growth,2025-12-01,79,0,NULL,Unpaid,79.00
19643,5967,5967,Starter,2025-12-01,29,0,NULL,Unpaid,29.00
140386,42848,42848,Starter,2025-12-01,29,0,NULL,Unpaid,29.00
104509,31980,31980,Growth,2025-12-01,79,0,NULL,Unpaid,79.00
53937,16154,16154,Starter,2025-12-01,29,0,NULL,Unpaid,29.00
128896,39441,39441,Starter,2025-12-01,29,0,NULL,Unpaid,29.00
170228,14979,14979,Business,2025-12-01,199,0,NULL,Unpaid,199.00
127391,38995,38995,Growth,2025-12-01,79,0,NULL,Unpaid,79.00
82850,25296,25296,Business,2025-12-01,199,0,NULL,Unpaid,199.00
173205,23464,23464,Starter,2025-12-01,29,0,NULL,Unpaid,29.00
163445,49661,49661,Starter,2025-12-01,29,0,NULL,Unpaid,29.00
137280,41869,41869,Starter,2025-12-01,29,0,NULL,Unpaid,29.00
105288,32278,32278,Growth,2025-12-01,79,0,NULL,Unpaid,79.00
176969,34039,34039,Starter,2025-12-01,19,0,NULL,Unpaid,19.00
39463,11735,11735,Growth,2025-12-01,79,0,NULL,Unpaid,79.00
107207,32937,32937,Growth,2025-12-01,79,0,NULL,Unpaid,79.00
83866,25669,25669,Business,2025-12-01,199,0,NULL,Unpaid,199.00
137813,42021,42021,Starter,2025-12-01,29,0,NULL,Unpaid,29.00
52231,15639,15639,Growth,2025-12-01,79,0,NULL,Unpaid,79.00
128641,39379,39379,Growth,2025-12-01,79,0,NULL,Unpaid,79.00
49792,14927,14927,Growth,2025-12-01,79,0,NULL,Unpaid,79.00
182019,47547,47547,Starter,2025-12-01,29,0,NULL,Unpaid,29.00
183432,35041,35041,Growth,2025-12-01,79,0,NULL,Unpaid,79.00
82289,25134,25134,Starter,2025-12-01,29,0,NULL,Unpaid,29.00
152782,46467,46467,Starter,2025-12-01,29,0,NULL,Unpaid,29.00
125357,38401,38401,Growth,2025-12-01,79,0,NULL,Unpaid,79.00
105766,32451,32451,Starter,2025-12-01,29,0,NULL,Unpaid,29.00
11579,3672,3672,Starter,2025-12-01,29,0,NULL,Unpaid,29.00
24476,7433,7433,Business,2025-12-01,199,0,NULL,Unpaid,199.00
138374,42178,42178,Starter,2025-12-01,29,0,NULL,Unpaid,29.00
108153,33237,33237,Business,2025-12-01,199,0,NULL,Unpaid,199.00
127817,39104,39104,Growth,2025-12-01,79,0,NULL,Unpaid,79.00
88844,27241,27241,Starter,2025-12-01,29,0,NULL,Unpaid,29.00
11146,3504,3504,Starter,2025-12-01,29,0,NULL,Unpaid,29.00
26030,7896,7896,Business,2025-12-01,199,0,NULL,Unpaid,199.00
143015,43533,43533,Starter,2025-12-01,29,0,NULL,Unpaid,29.00
61976,18577,18577,Business,2025-12-01,199,0,NULL,Unpaid,199.00
89852,27576,27576,Starter,2025-12-01,29,0,NULL,Unpaid,29.00
156497,47558,47558,Starter,2025-12-01,29,0,NULL,Unpaid,29.00
109022,33429,33429,Growth,2025-12-01,79,0,NULL,Unpaid,79.00
164562,137,137,Starter,2025-12-01,29,0,NULL,Unpaid,29.00
138691,42275,42275,Starter,2025-12-01,29,0,NULL,Unpaid,29.00
83896,25677,25677,Business,2025-12-01,199,0,NULL,Unpaid,199.00
35039,10516,10516,Starter,2025-12-01,29,0,NULL,Unpaid,29.00
110930,33939,33939,Growth,2025-12-01,79,0,NULL,Unpaid,79.00
151071,45938,45938,Starter,2025-12-01,29,0,NULL,Unpaid,29.00
92813,28499,28499,Growth,2025-12-01,79,0,NULL,Unpaid,79.00
147046,44774,44774,Growth,2025-12-01,79,0,NULL,Unpaid,79.00
54104,16186,16186,Growth,2025-12-01,79,0,NULL,Unpaid,79.00
102327,31400,31400,Growth,2025-12-01,79,0,NULL,Unpaid,79.00
155712,47354,47354,Growth,2025-12-01,79,0,NULL,Unpaid,79.00
6335,2112,2112,Starter,2025-12-01,29,0,NULL,Unpaid,29.00
13522,4196,4196,Starter,2025-12-01,29,0,NULL,Unpaid,29.00
165113,1672,1672,Starter,2025-12-01,29,0,NULL,Unpaid,29.00
4118,1319,1319,Starter,2025-12-01,29,0,NULL,Unpaid,29.00
88054,26949,26949,Business,2025-12-01,199,0,NULL,Unpaid,199.00
104714,32067,32067,Growth,2025-12-01,79,0,NULL,Unpaid,79.00
100677,30906,30906,Starter,2025-12-01,29,0,NULL,Unpaid,29.00
128324,39265,39265,Business,2025-12-01,199,0,NULL,Unpaid,199.00
20278,6211,6211,Starter,2025-12-01,29,0,NULL,Unpaid,29.00
70398,21104,21104,Starter,2025-12-01,29,0,NULL,Unpaid,29.00
57468,17120,17120,Starter,2025-12-01,29,0,NULL,Unpaid,29.00
177807,36581,36581,Growth,2025-12-01,79,0,NULL,Unpaid,79.00
92471,28348,28348,Growth,2025-12-01,79,0,NULL,Unpaid,79.00
166080,3907,3907,Starter,2025-12-01,29,0,NULL,Unpaid,29.00
8179,2662,2662,Starter,2025-12-01,29,0,NULL,Unpaid,29.00
23786,7225,7225,Growth,2025-12-01,79,0,NULL,Unpaid,79.00
79544,24218,24218,Growth,2025-12-01,79,0,NULL,Unpaid,79.00
42546,12652,12652,Business,2025-12-01,199,0,NULL,Unpaid,199.00
169275,12789,12789,Starter,2025-12-01,29,0,NULL,Unpaid,29.00
127662,39054,39054,Starter,2025-12-01,29,0,NULL,Unpaid,29.00
171488,18448,18448,Growth,2025-12-01,79,0,NULL,Unpaid,79.00
166778,5851,5851,Growth,2025-12-01,79,0,NULL,Unpaid,79.00
135557,41362,41362,Starter,2025-12-01,29,0,NULL,Unpaid,29.00
46634,13858,13858,Growth,2025-12-01,79,0,NULL,Unpaid,79.00
19407,5906,5906,Growth,2025-12-01,79,0,NULL,Unpaid,79.00
170067,14460,14460,Growth,2025-12-01,79,0,NULL,Unpaid,79.00
88490,27091,27091,Growth,2025-12-01,79,0,NULL,Unpaid,79.00
172384,20900,20900,Starter,2025-12-01,29,0,NULL,Unpaid,29.00
170866,16822,16822,Starter,2025-12-01,29,0,NULL,Unpaid,29.00
37659,11266,11266,Starter,2025-12-01,29,0,NULL,Unpaid,29.00
159017,48265,48265,Growth,2025-12-01,79,0,NULL,Unpaid,79.00
148898,45273,45273,Starter,2025-12-01,29,0,NULL,Unpaid,29.00
37907,11322,11322,Growth,2025-12-01,89,0,NULL,Unpaid,89.00
78688,23940,23940,Growth,2025-12-01,79,0,NULL,Unpaid,79.00
154090,46807,46807,Starter,2025-12-01,29,0,NULL,Unpaid,29.00
31481,9416,9416,Starter,2025-12-01,29,0,NULL,Unpaid,29.00
161443,49016,49016,Starter,2025-12-01,29,0,NULL,Unpaid,29.00
74839,22653,22653,Starter,2025-12-01,29,0,NULL,Unpaid,29.00
179486,40451,40451,Growth,2025-12-01,79,0,NULL,Unpaid,79.00
143811,43804,43804,Starter,2025-12-01,29,0,NULL,Unpaid,29.00
181416,46016,46016,Starter,2025-12-01,29,0,NULL,Unpaid,29.00
23340,7139,7139,Growth,2025-12-01,79,0,NULL,Unpaid,79.00
172278,20739,20739,Starter,2025-12-01,29,0,NULL,Unpaid,29.00
65597,19777,19777,Starter,2025-12-01,29,0,NULL,Unpaid,29.00
160093,48623,48623,Starter,2025-12-01,29,0,NULL,Unpaid,29.00
63473,19063,19063,Growth,2025-12-01,79,0,NULL,Unpaid,79.00
15950,4932,4932,Starter,2025-12-01,29,0,NULL,Unpaid,29.00
146518,44617,44617,Business,2025-12-01,199,0,NULL,Unpaid,199.00
44371,13211,13211,Starter,2025-12-01,29,0,NULL,Unpaid,29.00
6942,2241,2241,Business,2025-12-01,199,0,NULL,Unpaid,199.00
35470,10604,10604,Business,2025-12-01,199,0,NULL,Unpaid,199.00
170602,15890,15890,Growth,2025-12-01,69,0,NULL,Unpaid,69.00
47589,14152,14152,Growth,2025-12-01,79,0,NULL,Unpaid,79.00
170218,14917,14917,Starter,2025-12-01,29,0,NULL,Unpaid,29.00
131422,40219,40219,Growth,2025-12-01,79,0,NULL,Unpaid,79.00
24824,7556,7556,Growth,2025-12-01,79,0,NULL,Unpaid,79.00
130391,39900,39900,Starter,2025-12-01,29,0,NULL,Unpaid,29.00
96587,29650,29650,Starter,2025-12-01,29,0,NULL,Unpaid,29.00
102615,31486,31486,Growth,2025-12-01,79,0,NULL,Unpaid,79.00
42200,12527,12527,Starter,2025-12-01,29,0,NULL,Unpaid,29.00
6016,1972,1972,Starter,2025-12-01,29,0,NULL,Unpaid,29.00
181655,46673,46673,Growth,2025-12-01,79,0,NULL,Unpaid,79.00
97950,30011,30011,Starter,2025-12-01,29,0,NULL,Unpaid,29.00
19918,6071,6071,Starter,2025-12-01,29,0,NULL,Unpaid,29.00
88598,27151,27151,Starter,2025-12-01,29,0,NULL,Unpaid,29.00
140234,42821,42821,Growth,2025-12-01,79,0,NULL,Unpaid,79.00
41608,12328,12328,Starter,2025-12-01,29,0,NULL,Unpaid,29.00
99090,30389,30389,Growth,2025-12-01,79,0,NULL,Unpaid,79.00
2415,780,780,Business,2025-12-01,199,0,NULL,Unpaid,199.00
75823,22990,22990,Growth,2025-12-01,79,0,NULL,Unpaid,79.00
36219,10799,10799,Growth,2025-12-01,79,0,NULL,Unpaid,79.00
145916,44406,44406,Business,2025-12-01,199,0,NULL,Unpaid,199.00
79977,24352,24352,Starter,2025-12-01,29,0,NULL,Unpaid,29.00
125348,38387,38387,Business,2025-12-01,199,0,NULL,Unpaid,199.00
47923,14285,14285,Growth,2025-12-01,79,0,NULL,Unpaid,79.00
84749,25908,25908,Growth,2025-12-01,79,0,NULL,Unpaid,79.00
40478,12034,12034,Growth,2025-12-01,79,0,NULL,Unpaid,79.00
79471,24206,24206,Business,2025-12-01,199,0,NULL,Unpaid,199.00
21077,6457,6457,Growth,2025-12-01,79,0,NULL,Unpaid,79.00
171642,18766,18766,Growth,2025-12-01,79,0,NULL,Unpaid,79.00
95597,29340,29340,Growth,2025-12-01,79,0,NULL,Unpaid,79.00
170933,16872,16872,Starter,2025-12-01,29,0,NULL,Unpaid,29.00
138815,42333,42333,Starter,2025-12-01,29,0,NULL,Unpaid,29.00
183279,25184,25184,Starter,2025-12-01,29,0,NULL,Unpaid,29.00
148810,45231,45231,Growth,2025-12-01,79,0,NULL,Unpaid,79.00
179719,41215,41215,Growth,2025-12-01,69,0,NULL,Unpaid,69.00
126675,38790,38790,Starter,2025-12-01,29,0,NULL,Unpaid,29.00
105808,32465,32465,Business,2025-12-01,199,0,NULL,Unpaid,199.00
124471,38133,38133,Starter,2025-12-01,29,0,NULL,Unpaid,29.00
61164,18241,18241,Growth,2025-12-01,79,0,NULL,Unpaid,79.00
115965,35592,35592,Starter,2025-12-01,29,0,NULL,Unpaid,29.00
19550,5944,5944,Starter,2025-12-01,39,0,NULL,Unpaid,39.00
112705,34452,34452,Growth,2025-12-01,79,0,NULL,Unpaid,79.00
82039,25065,25065,Growth,2025-12-01,79,0,NULL,Unpaid,79.00
154799,47049,47049,Starter,2025-12-01,29,0,NULL,Unpaid,29.00
1156,370,370,Growth,2025-12-01,79,0,NULL,Unpaid,79.00
68607,20645,20645,Starter,2025-12-01,29,0,NULL,Unpaid,29.00
139106,42436,42436,Starter,2025-12-01,29,0,NULL,Unpaid,29.00
80811,24695,24695,Starter,2025-12-01,29,0,NULL,Unpaid,29.00
135190,41254,41254,Business,2025-12-01,199,0,NULL,Unpaid,199.00
142011,43300,43300,Starter,2025-12-01,39,0,NULL,Unpaid,39.00
111549,34116,34116,Starter,2025-12-01,29,0,NULL,Unpaid,29.00
59499,17659,17659,Business,2025-12-01,199,0,NULL,Unpaid,199.00
120816,36914,36914,Starter,2025-12-01,29,0,NULL,Unpaid,29.00
183473,37897,37897,Starter,2025-12-01,29,0,NULL,Unpaid,29.00
78560,23902,23902,Starter,2025-12-01,29,0,NULL,Unpaid,29.00
152456,46387,46387,Starter,2025-12-01,29,0,NULL,Unpaid,29.00
103783,31815,31815,Starter,2025-12-01,29,0,NULL,Unpaid,29.00
10921,3447,3447,Starter,2025-12-01,29,0,NULL,Unpaid,29.00
177997,37015,37015,Growth,2025-12-01,79,0,NULL,Unpaid,79.00
138022,42069,42069,Growth,2025-12-01,79,0,NULL,Unpaid,79.00
119060,36505,36505,Growth,2025-12-01,79,0,NULL,Unpaid,79.00
106132,32561,32561,Growth,2025-12-01,79,0,NULL,Unpaid,79.00
22834,6963,6963,Growth,2025-12-01,79,0,NULL,Unpaid,79.00
3476,1125,1125,Growth,2025-12-01,79,0,NULL,Unpaid,79.00
88384,27047,27047,Growth,2025-12-01,79,0,NULL,Unpaid,79.00
57908,17200,17200,Growth,2025-12-01,79,0,NULL,Unpaid,79.00
95678,29368,29368,Growth,2025-12-01,79,0,NULL,Unpaid,79.00
42332,12578,12578,Starter,2025-12-01,29,0,NULL,Unpaid,29.00
76504,23209,23209,Starter,2025-12-01,29,0,NULL,Unpaid,29.00
155119,47131,47131,Starter,2025-12-01,29,0,NULL,Unpaid,29.00
92150,28267,28267,Growth,2025-12-01,79,0,NULL,Unpaid,79.00
15629,4780,4780,Growth,2025-12-01,79,0,NULL,Unpaid,79.00
9858,3168,3168,Growth,2025-12-01,79,0,NULL,Unpaid,79.00
10076,3224,3224,Starter,2025-12-01,29,0,NULL,Unpaid,29.00
93289,28653,28653,Growth,2025-12-01,79,0,NULL,Unpaid,79.00
74861,22658,22658,Starter,2025-12-01,29,0,NULL,Unpaid,29.00
180387,42810,42810,Growth,2025-12-01,79,0,NULL,Unpaid,79.00
15494,4737,4737,Growth,2025-12-01,79,0,NULL,Unpaid,79.00
451,183,183,Starter,2025-12-01,29,0,NULL,Unpaid,29.00
163902,49833,49833,Business,2025-12-01,199,0,NULL,Unpaid,199.00
145209,44217,44217,Starter,2025-12-01,29,0,NULL,Unpaid,29.00
73590,22252,22252,Growth,2025-12-01,79,0,NULL,Unpaid,79.00
150364,45737,45737,Growth,2025-12-01,79,0,NULL,Unpaid,79.00
54676,16349,16349,Starter,2025-12-01,29,0,NULL,Unpaid,29.00
50311,15114,15114,Growth,2025-12-01,79,0,NULL,Unpaid,79.00
106808,32836,32836,Growth,2025-12-01,79,0,NULL,Unpaid,79.00
776,244,244,Growth,2025-12-01,79,0,NULL,Unpaid,79.00
45521,13504,13504,Starter,2025-12-01,29,0,NULL,Unpaid,29.00
75603,22909,22909,Starter,2025-12-01,29,0,NULL,Unpaid,29.00
44956,13345,13345,Growth,2025-12-01,79,0,NULL,Unpaid,79.00
32778,9820,9820,Starter,2025-12-01,29,0,NULL,Unpaid,29.00
65629,19786,19786,Starter,2025-12-01,29,0,NULL,Unpaid,29.00
57078,17030,17030,Starter,2025-12-01,29,0,NULL,Unpaid,29.00
143473,43676,43676,Growth,2025-12-01,79,0,NULL,Unpaid,79.00
8521,2756,2756,Growth,2025-12-01,79,0,NULL,Unpaid,79.00
23816,7231,7231,Growth,2025-12-01,79,0,NULL,Unpaid,79.00
143033,43541,43541,Starter,2025-12-01,29,0,NULL,Unpaid,29.00
19324,5871,5871,Growth,2025-12-01,89,0,NULL,Unpaid,89.00
175598,29594,29594,Business,2025-12-01,199,0,NULL,Unpaid,199.00
33413,10019,10019,Starter,2025-12-01,29,0,NULL,Unpaid,29.00
104844,32106,32106,Growth,2025-12-01,79,0,NULL,Unpaid,79.00
141185,43094,43094,Starter,2025-12-01,19,0,NULL,Unpaid,19.00
53511,16032,16032,Starter,2025-12-01,29,0,NULL,Unpaid,29.00
107491,33052,33052,Starter,2025-12-01,29,0,NULL,Unpaid,29.00
166050,3765,3765,Starter,2025-12-01,29,0,NULL,Unpaid,29.00
30262,9019,9019,Starter,2025-12-01,29,0,NULL,Unpaid,29.00
35738,10689,10689,Starter,2025-12-01,19,0,NULL,Unpaid,19.00
50280,15096,15096,Starter,2025-12-01,29,0,NULL,Unpaid,29.00
167329,7772,7772,Starter,2025-12-01,29,0,NULL,Unpaid,29.00
60665,18055,18055,Business,2025-12-01,199,0,NULL,Unpaid,199.00
34661,10393,10393,Starter,2025-12-01,29,0,NULL,Unpaid,29.00
96121,29500,29500,Starter,2025-12-01,29,0,NULL,Unpaid,29.00
115986,35602,35602,Starter,2025-12-01,29,0,NULL,Unpaid,29.00
132952,40657,40657,Growth,2025-12-01,79,0,NULL,Unpaid,79.00
85870,26226,26226,Growth,2025-12-01,79,0,NULL,Unpaid,79.00
123790,37909,37909,Growth,2025-12-01,79,0,NULL,Unpaid,79.00
152326,46357,46357,Starter,2025-12-01,29,0,NULL,Unpaid,29.00
136286,41594,41594,Starter,2025-12-01,29,0,NULL,Unpaid,29.00
26719,8104,8104,Starter,2025-12-01,29,0,NULL,Unpaid,29.00
48395,14461,14461,Growth,2025-12-01,79,0,NULL,Unpaid,79.00
56978,17007,17007,Starter,2025-12-01,29,0,NULL,Unpaid,29.00
170121,14643,14643,Business,2025-12-01,199,0,NULL,Unpaid,199.00
183281,25330,25330,Starter,2025-12-01,29,0,NULL,Unpaid,29.00
88660,27190,27190,Business,2025-12-01,199,0,NULL,Unpaid,199.00
31436,9401,9401,Growth,2025-12-01,79,0,NULL,Unpaid,79.00
53800,16120,16120,Growth,2025-12-01,79,0,NULL,Unpaid,79.00
74153,22439,22439,Starter,2025-12-01,29,0,NULL,Unpaid,29.00
157448,47806,47806,Starter,2025-12-01,29,0,NULL,Unpaid,29.00
17700,5401,5401,Business,2025-12-01,199,0,NULL,Unpaid,199.00
168908,11759,11759,Starter,2025-12-01,29,0,NULL,Unpaid,29.00
11799,3745,3745,Growth,2025-12-01,79,0,NULL,Unpaid,79.00
155997,47437,47437,Growth,2025-12-01,79,0,NULL,Unpaid,79.00
62879,18887,18887,Starter,2025-12-01,29,0,NULL,Unpaid,29.00
73821,22340,22340,Growth,2025-12-01,79,0,NULL,Unpaid,79.00
8411,2720,2720,Starter,2025-12-01,29,0,NULL,Unpaid,29.00
156762,47617,47617,Starter,2025-12-01,29,0,NULL,Unpaid,29.00
31907,9510,9510,Starter,2025-12-01,29,0,NULL,Unpaid,29.00
1968,642,642,Growth,2025-12-01,79,0,NULL,Unpaid,79.00
127,54,54,Growth,2025-12-01,79,0,NULL,Unpaid,79.00
158324,48016,48016,Growth,2025-12-01,79,0,NULL,Unpaid,79.00
34281,10243,10243,Starter,2025-12-01,29,0,NULL,Unpaid,29.00
18158,5505,5505,Growth,2025-12-01,79,0,NULL,Unpaid,79.00
137777,42017,42017,Starter,2025-12-01,29,0,NULL,Unpaid,29.00
134251,40996,40996,Starter,2025-12-01,29,0,NULL,Unpaid,29.00
18640,5622,5622,Growth,2025-12-01,79,0,NULL,Unpaid,79.00
93050,28577,28577,Business,2025-12-01,199,0,NULL,Unpaid,199.00
160859,48862,48862,Growth,2025-12-01,79,0,NULL,Unpaid,79.00
63518,19079,19079,Growth,2025-12-01,79,0,NULL,Unpaid,79.00
168878,11743,11743,Business,2025-12-01,199,0,NULL,Unpaid,199.00
28866,8644,8644,Growth,2025-12-01,79,0,NULL,Unpaid,79.00
50390,15143,15143,Growth,2025-12-01,79,0,NULL,Unpaid,79.00
45839,13566,13566,Business,2025-12-01,199,0,NULL,Unpaid,199.00
37998,11338,11338,Growth,2025-12-01,79,0,NULL,Unpaid,79.00
83744,25642,25642,Starter,2025-12-01,29,0,NULL,Unpaid,29.00
13925,4274,4274,Growth,2025-12-01,79,0,NULL,Unpaid,79.00
10574,3365,3365,Business,2025-12-01,199,0,NULL,Unpaid,199.00
183301,26521,26521,Growth,2025-12-01,79,0,NULL,Unpaid,79.00
88196,26991,26991,Starter,2025-12-01,29,0,NULL,Unpaid,29.00
118703,36362,36362,Starter,2025-12-01,29,0,NULL,Unpaid,29.00
61311,18292,18292,Growth,2025-12-01,79,0,NULL,Unpaid,79.00
8809,2886,2886,Starter,2025-12-01,29,0,NULL,Unpaid,29.00
130549,39954,39954,Growth,2025-12-01,79,0,NULL,Unpaid,79.00
5956,1960,1960,Growth,2025-12-01,79,0,NULL,Unpaid,79.00
22153,6782,6782,Starter,2025-12-01,29,0,NULL,Unpaid,29.00
41730,12385,12385,Business,2025-12-01,199,0,NULL,Unpaid,199.00
86295,26401,26401,Starter,2025-12-01,29,0,NULL,Unpaid,29.00
183553,43390,43390,Starter,2025-12-01,29,0,NULL,Unpaid,29.00
6669,2197,2197,Starter,2025-12-01,29,0,NULL,Unpaid,29.00
79552,24223,24223,Starter,2025-12-01,29,0,NULL,Unpaid,29.00
58323,17362,17362,Starter,2025-12-01,29,0,NULL,Unpaid,29.00
182561,49189,49189,Growth,2025-12-01,79,0,NULL,Unpaid,79.00
77357,23438,23438,Growth,2025-12-01,79,0,NULL,Unpaid,79.00
50579,15215,15215,Growth,2025-12-01,69,0,NULL,Unpaid,69.00
68209,20542,20542,Starter,2025-12-01,29,0,NULL,Unpaid,29.00
92740,28464,28464,Growth,2025-12-01,79,0,NULL,Unpaid,79.00
160317,48720,48720,Growth,2025-12-01,79,0,NULL,Unpaid,79.00
162424,49312,49312,Starter,2025-12-01,29,0,NULL,Unpaid,29.00
173389,23822,23822,Growth,2025-12-01,79,0,NULL,Unpaid,79.00
86006,26280,26280,Growth,2025-12-01,79,0,NULL,Unpaid,79.00
148262,45099,45099,Growth,2025-12-01,79,0,NULL,Unpaid,79.00
143841,43816,43816,Business,2025-12-01,199,0,NULL,Unpaid,199.00
95664,29364,29364,Starter,2025-12-01,29,0,NULL,Unpaid,29.00
28916,8654,8654,Growth,2025-12-01,79,0,NULL,Unpaid,79.00
67350,20275,20275,Growth,2025-12-01,79,0,NULL,Unpaid,79.00
30930,9191,9191,Growth,2025-12-01,79,0,NULL,Unpaid,79.00
147789,44986,44986,Growth,2025-12-01,79,0,NULL,Unpaid,79.00
51695,15492,15492,Starter,2025-12-01,29,0,NULL,Unpaid,29.00
161688,49074,49074,Starter,2025-12-01,29,0,NULL,Unpaid,29.00
16155,4966,4966,Starter,2025-12-01,29,0,NULL,Unpaid,29.00
150511,45755,45755,Starter,2025-12-01,29,0,NULL,Unpaid,29.00
5229,1700,1700,Starter,2025-12-01,29,0,NULL,Unpaid,29.00
149042,45321,45321,Business,2025-12-01,189,0,NULL,Unpaid,189.00
106769,32819,32819,Starter,2025-12-01,29,0,NULL,Unpaid,29.00
139518,42593,42593,Business,2025-12-01,199,0,NULL,Unpaid,199.00
159364,48385,48385,Growth,2025-12-01,79,0,NULL,Unpaid,79.00
19158,5808,5808,Growth,2025-12-01,79,0,NULL,Unpaid,79.00
77634,23560,23560,Starter,2025-12-01,29,0,NULL,Unpaid,29.00
71852,21591,21591,Starter,2025-12-01,29,0,NULL,Unpaid,29.00
151675,46113,46113,Starter,2025-12-01,29,0,NULL,Unpaid,29.00
69588,20880,20880,Growth,2025-12-01,79,0,NULL,Unpaid,79.00
63172,18959,18959,Business,2025-12-01,199,0,NULL,Unpaid,199.00
170194,14763,14763,Growth,2025-12-01,79,0,NULL,Unpaid,79.00
128789,39427,39427,Starter,2025-12-01,29,0,NULL,Unpaid,29.00
172107,20287,20287,Business,2025-12-01,199,0,NULL,Unpaid,199.00
80392,24484,24484,Starter,2025-12-01,29,0,NULL,Unpaid,29.00
167988,9362,9362,Growth,2025-12-01,79,0,NULL,Unpaid,79.00
121989,37315,37315,Growth,2025-12-01,79,0,NULL,Unpaid,79.00
98485,30178,30178,Starter,2025-12-01,29,0,NULL,Unpaid,29.00
144270,43952,43952,Starter,2025-12-01,29,0,NULL,Unpaid,29.00
136986,41805,41805,Starter,2025-12-01,29,0,NULL,Unpaid,29.00
150690,45819,45819,Starter,2025-12-01,29,0,NULL,Unpaid,29.00
146645,44646,44646,Growth,2025-12-01,79,0,NULL,Unpaid,79.00
142903,43511,43511,Starter,2025-12-01,29,0,NULL,Unpaid,29.00
48957,14629,14629,Business,2025-12-01,199,0,NULL,Unpaid,199.00
102755,31534,31534,Starter,2025-12-01,29,0,NULL,Unpaid,29.00
18429,5554,5554,Starter,2025-12-01,29,0,NULL,Unpaid,29.00
179519,40504,40504,Growth,2025-12-01,79,0,NULL,Unpaid,79.00
158071,47943,47943,Starter,2025-12-01,19,0,NULL,Unpaid,19.00
24871,7577,7577,Starter,2025-12-01,29,0,NULL,Unpaid,29.00
118301,36244,36244,Growth,2025-12-01,79,0,NULL,Unpaid,79.00
37525,11222,11222,Starter,2025-12-01,29,0,NULL,Unpaid,29.00
114227,34925,34925,Starter,2025-12-01,29,0,NULL,Unpaid,29.00
162817,49466,49466,Starter,2025-12-01,29,0,NULL,Unpaid,29.00
151891,46190,46190,Business,2025-12-01,199,0,NULL,Unpaid,199.00
48863,14607,14607,Starter,2025-12-01,29,0,NULL,Unpaid,29.00
48523,14497,14497,Starter,2025-12-01,29,0,NULL,Unpaid,29.00
68925,20706,20706,Starter,2025-12-01,29,0,NULL,Unpaid,29.00
155947,47426,47426,Growth,2025-12-01,79,0,NULL,Unpaid,79.00
61412,18341,18341,Growth,2025-12-01,79,0,NULL,Unpaid,79.00
183081,12929,12929,Starter,2025-12-01,29,0,NULL,Unpaid,29.00
174113,25675,25675,Growth,2025-12-01,79,0,NULL,Unpaid,79.00
13064,4105,4105,Growth,2025-12-01,79,0,NULL,Unpaid,79.00
5666,1864,1864,Starter,2025-12-01,29,0,NULL,Unpaid,29.00
73486,22228,22228,Starter,2025-12-01,29,0,NULL,Unpaid,29.00
22863,6989,6989,Starter,2025-12-01,29,0,NULL,Unpaid,29.00
74811,22632,22632,Growth,2025-12-01,79,0,NULL,Unpaid,79.00
115492,35377,35377,Starter,2025-12-01,29,0,NULL,Unpaid,29.00
170754,16467,16467,Starter,2025-12-01,29,0,NULL,Unpaid,29.00
8802,2881,2881,Growth,2025-12-01,79,0,NULL,Unpaid,79.00
63828,19192,19192,Starter,2025-12-01,29,0,NULL,Unpaid,29.00
176991,34182,34182,Growth,2025-12-01,79,0,NULL,Unpaid,79.00
149157,45373,45373,Starter,2025-12-01,39,0,NULL,Unpaid,39.00
95830,29417,29417,Starter,2025-12-01,29,0,NULL,Unpaid,29.00
159928,48561,48561,Growth,2025-12-01,79,0,NULL,Unpaid,79.00
88979,27304,27304,Business,2025-12-01,199,0,NULL,Unpaid,199.00
183026,9074,9074,Growth,2025-12-01,79,0,NULL,Unpaid,79.00
49053,14670,14670,Starter,2025-12-01,29,0,NULL,Unpaid,29.00
157338,47779,47779,Starter,2025-12-01,29,0,NULL,Unpaid,29.00
64237,19348,19348,Growth,2025-12-01,79,0,NULL,Unpaid,79.00
141419,43155,43155,Growth,2025-12-01,79,0,NULL,Unpaid,79.00
62036,18600,18600,Business,2025-12-01,199,0,NULL,Unpaid,199.00
119676,36621,36621,Starter,2025-12-01,29,0,NULL,Unpaid,29.00
11353,3629,3629,Starter,2025-12-01,29,0,NULL,Unpaid,29.00
51137,15337,15337,Growth,2025-12-01,79,0,NULL,Unpaid,79.00
76747,23267,23267,Starter,2025-12-01,29,0,NULL,Unpaid,29.00
3845,1231,1231,Growth,2025-12-01,79,0,NULL,Unpaid,79.00
118939,36462,36462,Starter,2025-12-01,29,0,NULL,Unpaid,29.00
64479,19424,19424,Starter,2025-12-01,29,0,NULL,Unpaid,29.00
159441,48400,48400,Growth,2025-12-01,79,0,NULL,Unpaid,79.00
95950,29460,29460,Starter,2025-12-01,29,0,NULL,Unpaid,29.00
10264,3252,3252,Growth,2025-12-01,79,0,NULL,Unpaid,79.00
82972,25338,25338,Business,2025-12-01,199,0,NULL,Unpaid,199.00
135866,41453,41453,Starter,2025-12-01,29,0,NULL,Unpaid,29.00
183171,18642,18642,Growth,2025-12-01,79,0,NULL,Unpaid,79.00
48698,14550,14550,Growth,2025-12-01,79,0,NULL,Unpaid,79.00
74455,22525,22525,Starter,2025-12-01,29,0,NULL,Unpaid,29.00
116760,35845,35845,Growth,2025-12-01,79,0,NULL,Unpaid,79.00
179046,39381,39381,Starter,2025-12-01,29,0,NULL,Unpaid,29.00
105904,32512,32512,Starter,2025-12-01,29,0,NULL,Unpaid,29.00
118693,36356,36356,Starter,2025-12-01,29,0,NULL,Unpaid,29.00
88896,27271,27271,Growth,2025-12-01,79,0,NULL,Unpaid,79.00
70566,21133,21133,Business,2025-12-01,189,0,NULL,Unpaid,189.00
164969,1423,1423,Business,2025-12-01,199,0,NULL,Unpaid,199.00
90042,27613,27613,Starter,2025-12-01,29,0,NULL,Unpaid,29.00
77540,23521,23521,Business,2025-12-01,199,0,NULL,Unpaid,199.00
127084,38880,38880,Growth,2025-12-01,79,0,NULL,Unpaid,79.00
142148,43334,43334,Starter,2025-12-01,29,0,NULL,Unpaid,29.00
170496,15771,15771,Growth,2025-12-01,79,0,NULL,Unpaid,79.00
166309,4590,4590,Business,2025-12-01,199,0,NULL,Unpaid,199.00
168262,9906,9906,Growth,2025-12-01,79,0,NULL,Unpaid,79.00
169004,12020,12020,Starter,2025-12-01,29,0,NULL,Unpaid,29.00
15722,4835,4835,Growth,2025-12-01,79,0,NULL,Unpaid,79.00
127980,39145,39145,Starter,2025-12-01,29,0,NULL,Unpaid,29.00
94870,29095,29095,Growth,2025-12-01,79,0,NULL,Unpaid,79.00
31368,9377,9377,Business,2025-12-01,199,0,NULL,Unpaid,199.00
149306,45451,45451,Starter,2025-12-01,29,0,NULL,Unpaid,29.00
87939,26913,26913,Growth,2025-12-01,79,0,NULL,Unpaid,79.00
60836,18123,18123,Starter,2025-12-01,29,0,NULL,Unpaid,29.00
122223,37395,37395,Starter,2025-12-01,29,0,NULL,Unpaid,29.00
78706,23948,23948,Starter,2025-12-01,29,0,NULL,Unpaid,29.00
87579,26821,26821,Growth,2025-12-01,79,0,NULL,Unpaid,79.00
64378,19392,19392,Starter,2025-12-01,29,0,NULL,Unpaid,29.00
159313,48379,48379,Starter,2025-12-01,29,0,NULL,Unpaid,29.00
182759,49582,49582,Starter,2025-12-01,29,0,NULL,Unpaid,29.00
44873,13336,13336,Growth,2025-12-01,79,0,NULL,Unpaid,79.00
101467,31155,31155,Growth,2025-12-01,79,0,NULL,Unpaid,79.00
59405,17625,17625,Starter,2025-12-01,29,0,NULL,Unpaid,29.00
132892,40648,40648,Growth,2025-12-01,79,0,NULL,Unpaid,79.00
168597,10780,10780,Business,2025-12-01,199,0,NULL,Unpaid,199.00
95146,29175,29175,Starter,2025-12-01,29,0,NULL,Unpaid,29.00
94778,29077,29077,Starter,2025-12-01,29,0,NULL,Unpaid,29.00
179456,40428,40428,Growth,2025-12-01,79,0,NULL,Unpaid,79.00
91531,28044,28044,Business,2025-12-01,199,0,NULL,Unpaid,199.00
110408,33836,33836,Growth,2025-12-01,79,0,NULL,Unpaid,79.00
55866,16682,16682,Growth,2025-12-01,79,0,NULL,Unpaid,79.00
7280,2345,2345,Starter,2025-12-01,29,0,NULL,Unpaid,29.00
98952,30356,30356,Growth,2025-12-01,79,0,NULL,Unpaid,79.00
117440,36041,36041,Starter,2025-12-01,29,0,NULL,Unpaid,29.00
18560,5602,5602,Starter,2025-12-01,29,0,NULL,Unpaid,29.00
90443,27703,27703,Starter,2025-12-01,29,0,NULL,Unpaid,29.00
147662,44973,44973,Business,2025-12-01,199,0,NULL,Unpaid,199.00
104825,32102,32102,Starter,2025-12-01,29,0,NULL,Unpaid,29.00
145818,44384,44384,Business,2025-12-01,199,0,NULL,Unpaid,199.00
85042,26017,26017,Business,2025-12-01,199,0,NULL,Unpaid,199.00
124324,38082,38082,Starter,2025-12-01,29,0,NULL,Unpaid,29.00
20348,6254,6254,Growth,2025-12-01,79,0,NULL,Unpaid,79.00
127442,39008,39008,Business,2025-12-01,199,0,NULL,Unpaid,199.00
150095,45670,45670,Starter,2025-12-01,29,0,NULL,Unpaid,29.00
166300,4439,4439,Starter,2025-12-01,29,0,NULL,Unpaid,29.00
28342,8514,8514,Business,2025-12-01,199,0,NULL,Unpaid,199.00
181708,46710,46710,Business,2025-12-01,199,0,NULL,Unpaid,199.00
35225,10550,10550,Starter,2025-12-01,29,0,NULL,Unpaid,29.00
86336,26425,26425,Starter,2025-12-01,29,0,NULL,Unpaid,29.00
136552,41680,41680,Starter,2025-12-01,29,0,NULL,Unpaid,29.00
20167,6188,6188,Growth,2025-12-01,79,0,NULL,Unpaid,79.00
65853,19869,19869,Business,2025-12-01,199,0,NULL,Unpaid,199.00
70887,21262,21262,Starter,2025-12-01,29,0,NULL,Unpaid,29.00
144368,43979,43979,Starter,2025-12-01,29,0,NULL,Unpaid,29.00
28635,8561,8561,Growth,2025-12-01,79,0,NULL,Unpaid,79.00
71993,21663,21663,Business,2025-12-01,199,0,NULL,Unpaid,199.00
108955,33416,33416,Starter,2025-12-01,29,0,NULL,Unpaid,29.00
75867,22999,22999,Starter,2025-12-01,29,0,NULL,Unpaid,29.00
139278,42525,42525,Business,2025-12-01,199,0,NULL,Unpaid,199.00
111071,33972,33972,Growth,2025-12-01,79,0,NULL,Unpaid,79.00
117380,36025,36025,Starter,2025-12-01,29,0,NULL,Unpaid,29.00
172223,20661,20661,Starter,2025-12-01,29,0,NULL,Unpaid,29.00
139676,42639,42639,Starter,2025-12-01,29,0,NULL,Unpaid,29.00
123666,37868,37868,Starter,2025-12-01,29,0,NULL,Unpaid,29.00
35300,10574,10574,Starter,2025-12-01,29,0,NULL,Unpaid,29.00
92718,28454,28454,Starter,2025-12-01,29,0,NULL,Unpaid,29.00
51526,15427,15427,Starter,2025-12-01,29,0,NULL,Unpaid,29.00
76839,23295,23295,Business,2025-12-01,199,0,NULL,Unpaid,199.00
48027,14302,14302,Starter,2025-12-01,29,0,NULL,Unpaid,29.00
78462,23860,23860,Growth,2025-12-01,79,0,NULL,Unpaid,79.00
87009,26642,26642,Growth,2025-12-01,89,0,NULL,Unpaid,89.00
20904,6415,6415,Starter,2025-12-01,29,0,NULL,Unpaid,29.00
110036,33704,33704,Starter,2025-12-01,29,0,NULL,Unpaid,29.00
112195,34281,34281,Starter,2025-12-01,29,0,NULL,Unpaid,29.00
128040,39158,39158,Starter,2025-12-01,29,0,NULL,Unpaid,29.00
77378,23443,23443,Growth,2025-12-01,79,0,NULL,Unpaid,79.00
128180,39212,39212,Starter,2025-12-01,29,0,NULL,Unpaid,29.00
68831,20682,20682,Starter,2025-12-01,29,0,NULL,Unpaid,29.00
98577,30199,30199,Growth,2025-12-01,79,0,NULL,Unpaid,79.00
87519,26779,26779,Growth,2025-12-01,79,0,NULL,Unpaid,79.00
163400,49655,49655,Starter,2025-12-01,29,0,NULL,Unpaid,29.00
179164,39700,39700,Starter,2025-12-01,29,0,NULL,Unpaid,29.00
34401,10293,10293,Starter,2025-12-01,29,0,NULL,Unpaid,29.00
182471,48678,48678,Business,2025-12-01,199,0,NULL,Unpaid,199.00
155102,47128,47128,Starter,2025-12-01,29,0,NULL,Unpaid,29.00
134214,40990,40990,Starter,2025-12-01,29,0,NULL,Unpaid,29.00
76126,23090,23090,Starter,2025-12-01,29,0,NULL,Unpaid,29.00
116796,35867,35867,Growth,2025-12-01,79,0,NULL,Unpaid,79.00
66415,20019,20019,Growth,2025-12-01,79,0,NULL,Unpaid,79.00
125065,38320,38320,Growth,2025-12-01,79,0,NULL,Unpaid,79.00
165900,3519,3519,Starter,2025-12-01,29,0,NULL,Unpaid,29.00
136328,41612,41612,Starter,2025-12-01,29,0,NULL,Unpaid,29.00
168470,10410,10410,Growth,2025-12-01,79,0,NULL,Unpaid,79.00
124955,38263,38263,Starter,2025-12-01,29,0,NULL,Unpaid,29.00
32822,9828,9828,Growth,2025-12-01,79,0,NULL,Unpaid,79.00
37030,11035,11035,Growth,2025-12-01,79,0,NULL,Unpaid,79.00
10885,3430,3430,Starter,2025-12-01,29,0,NULL,Unpaid,29.00
122194,37392,37392,Growth,2025-12-01,79,0,NULL,Unpaid,79.00
27966,8429,8429,Growth,2025-12-01,79,0,NULL,Unpaid,79.00
179814,41514,41514,Starter,2025-12-01,29,0,NULL,Unpaid,29.00
93403,28676,28676,Business,2025-12-01,199,0,NULL,Unpaid,199.00
168612,10970,10970,Starter,2025-12-01,29,0,NULL,Unpaid,29.00
96783,29690,29690,Growth,2025-12-01,79,0,NULL,Unpaid,79.00
66784,20103,20103,Growth,2025-12-01,79,0,NULL,Unpaid,79.00
73478,22222,22222,Growth,2025-12-01,79,0,NULL,Unpaid,79.00
149509,45507,45507,Growth,2025-12-01,79,0,NULL,Unpaid,79.00
145612,44343,44343,Growth,2025-12-01,79,0,NULL,Unpaid,79.00
121228,37068,37068,Starter,2025-12-01,29,0,NULL,Unpaid,29.00
38101,11370,11370,Starter,2025-12-01,29,0,NULL,Unpaid,29.00
7293,2348,2348,Growth,2025-12-01,79,0,NULL,Unpaid,79.00
81297,24812,24812,Starter,2025-12-01,29,0,NULL,Unpaid,29.00
84284,25805,25805,Growth,2025-12-01,79,0,NULL,Unpaid,79.00
69314,20811,20811,Growth,2025-12-01,79,0,NULL,Unpaid,79.00
47127,14027,14027,Starter,2025-12-01,29,0,NULL,Unpaid,29.00
85446,26140,26140,Starter,2025-12-01,29,0,NULL,Unpaid,29.00
87079,26650,26650,Business,2025-12-01,199,0,NULL,Unpaid,199.00
99649,30608,30608,Starter,2025-12-01,29,0,NULL,Unpaid,29.00
31492,9419,9419,Business,2025-12-01,199,0,NULL,Unpaid,199.00
160290,48719,48719,Starter,2025-12-01,29,0,NULL,Unpaid,29.00
149798,45589,45589,Business,2025-12-01,199,0,NULL,Unpaid,199.00
79707,24263,24263,Starter,2025-12-01,29,0,NULL,Unpaid,29.00
61359,18304,18304,Growth,2025-12-01,79,0,NULL,Unpaid,79.00
86,41,41,Growth,2025-12-01,79,0,NULL,Unpaid,79.00
117666,36112,36112,Starter,2025-12-01,29,0,NULL,Unpaid,29.00
119477,36586,36586,Starter,2025-12-01,29,0,NULL,Unpaid,29.00
31077,9256,9256,Starter,2025-12-01,29,0,NULL,Unpaid,29.00
125580,38479,38479,Starter,2025-12-01,29,0,NULL,Unpaid,29.00
47943,14287,14287,Starter,2025-12-01,29,0,NULL,Unpaid,29.00
86553,26492,26492,Starter,2025-12-01,29,0,NULL,Unpaid,29.00
124145,38027,38027,Growth,2025-12-01,79,0,NULL,Unpaid,79.00
183447,36130,36130,Growth,2025-12-01,79,0,NULL,Unpaid,79.00
170164,14734,14734,Starter,2025-12-01,29,0,NULL,Unpaid,29.00
90461,27723,27723,Starter,2025-12-01,29,0,NULL,Unpaid,29.00
26309,8014,8014,Growth,2025-12-01,79,0,NULL,Unpaid,79.00
52828,15827,15827,Starter,2025-12-01,29,0,NULL,Unpaid,29.00
37967,11327,11327,Business,2025-12-01,189,0,NULL,Unpaid,189.00
13460,4173,4173,Starter,2025-12-01,29,0,NULL,Unpaid,29.00
81315,24824,24824,Growth,2025-12-01,79,0,NULL,Unpaid,79.00
135348,41297,41297,Starter,2025-12-01,29,0,NULL,Unpaid,29.00
24923,7582,7582,Starter,2025-12-01,29,0,NULL,Unpaid,29.00
36592,10879,10879,Growth,2025-12-01,79,0,NULL,Unpaid,79.00
177910,36920,36920,Starter,2025-12-01,29,0,NULL,Unpaid,29.00
167016,6722,6722,Starter,2025-12-01,29,0,NULL,Unpaid,29.00
109285,33475,33475,Growth,2025-12-01,79,0,NULL,Unpaid,79.00
16806,5163,5163,Starter,2025-12-01,29,0,NULL,Unpaid,29.00
38673,11521,11521,Starter,2025-12-01,29,0,NULL,Unpaid,29.00
152649,46435,46435,Growth,2025-12-01,79,0,NULL,Unpaid,79.00
153606,46705,46705,Starter,2025-12-01,29,0,NULL,Unpaid,29.00
135942,41463,41463,Growth,2025-12-01,79,0,NULL,Unpaid,79.00
77436,23455,23455,Business,2025-12-01,199,0,NULL,Unpaid,199.00
56375,16801,16801,Business,2025-12-01,199,0,NULL,Unpaid,199.00
67392,20297,20297,Starter,2025-12-01,29,0,NULL,Unpaid,29.00
176357,32175,32175,Growth,2025-12-01,79,0,NULL,Unpaid,79.00
58594,17442,17442,Starter,2025-12-01,29,0,NULL,Unpaid,29.00
147398,44893,44893,Starter,2025-12-01,29,0,NULL,Unpaid,29.00
92564,28399,28399,Business,2025-12-01,189,0,NULL,Unpaid,189.00
174038,24982,24982,Business,2025-12-01,199,0,NULL,Unpaid,199.00
69147,20762,20762,Starter,2025-12-01,29,0,NULL,Unpaid,29.00
110608,33880,33880,Growth,2025-12-01,79,0,NULL,Unpaid,79.00
140583,42900,42900,Starter,2025-12-01,29,0,NULL,Unpaid,29.00
62604,18750,18750,Growth,2025-12-01,79,0,NULL,Unpaid,79.00
183522,41113,41113,Growth,2025-12-01,79,0,NULL,Unpaid,79.00
145534,44334,44334,Starter,2025-12-01,39,0,NULL,Unpaid,39.00
171672,18800,18800,Starter,2025-12-01,39,0,NULL,Unpaid,39.00
110129,33734,33734,Growth,2025-12-01,79,0,NULL,Unpaid,79.00
123128,37675,37675,Starter,2025-12-01,29,0,NULL,Unpaid,29.00
77247,23402,23402,Starter,2025-12-01,29,0,NULL,Unpaid,29.00
121939,37307,37307,Growth,2025-12-01,69,0,NULL,Unpaid,69.00
175685,29623,29623,Business,2025-12-01,199,0,NULL,Unpaid,199.00
41618,12332,12332,Starter,2025-12-01,29,0,NULL,Unpaid,29.00
139646,42638,42638,Starter,2025-12-01,29,0,NULL,Unpaid,29.00
166595,5634,5634,Growth,2025-12-01,79,0,NULL,Unpaid,79.00
88123,26971,26971,Growth,2025-12-01,79,0,NULL,Unpaid,79.00
17761,5416,5416,Starter,2025-12-01,29,0,NULL,Unpaid,29.00
31398,9381,9381,Business,2025-12-01,199,0,NULL,Unpaid,199.00
122428,37469,37469,Starter,2025-12-01,29,0,NULL,Unpaid,29.00
17460,5323,5323,Starter,2025-12-01,29,0,NULL,Unpaid,29.00
55477,16603,16603,Starter,2025-12-01,29,0,NULL,Unpaid,29.00
48136,14388,14388,Starter,2025-12-01,29,0,NULL,Unpaid,29.00
14458,4479,4479,Business,2025-12-01,199,0,NULL,Unpaid,199.00
79908,24316,24316,Starter,2025-12-01,29,0,NULL,Unpaid,29.00
146249,44510,44510,Business,2025-12-01,199,0,NULL,Unpaid,199.00
21191,6474,6474,Starter,2025-12-01,29,0,NULL,Unpaid,29.00
25493,7778,7778,Starter,2025-12-01,29,0,NULL,Unpaid,29.00
115819,35498,35498,Growth,2025-12-01,79,0,NULL,Unpaid,79.00
118215,36219,36219,Starter,2025-12-01,29,0,NULL,Unpaid,29.00
20200,6196,6196,Starter,2025-12-01,29,0,NULL,Unpaid,29.00
183003,7758,7758,Starter,2025-12-01,29,0,NULL,Unpaid,29.00
29389,8789,8789,Business,2025-12-01,199,0,NULL,Unpaid,199.00
57424,17116,17116,Starter,2025-12-01,29,0,NULL,Unpaid,29.00
129511,39678,39678,Growth,2025-12-01,79,0,NULL,Unpaid,79.00
155661,47347,47347,Growth,2025-12-01,79,0,NULL,Unpaid,79.00
